year_,status,box,ID,sex,mother,father,epy,MismatchFem,MismatchMale,Comments,
2021,offspring,1,b5g9501,f,B5A9523,B5A9962,0,,,,
2021,offspring,1,b5g9502,f,B5A9523,B5A9962,0,,,,
2021,offspring,1,b5g9503,m,B5A9523,B5A9962,0,,,,
2021,offspring,1,b5g9504,f,B5A9523,B4P9391,1,,,Extra-pair father is male box 35,
2021,offspring,1,b5g9505,f,B5A9523,B5A9962,0,,,,
2021,offspring,1,b5g9506,f,B5A9523,B5A9962,0,,,,
2021,offspring,1,b5g9507,f,B5A9523,B4P9391,1,,,Extra-pair father is male box 35,
2021,offspring,1,b5g9508,f,B5A9523,B4P9391,1,,,Extra-pair father is male box 35,
2021,offspring,3,b5g9065,f,B5A9106,B4P9127,0,,,,
2021,offspring,3,b5g9066,m,B5A9106,b5a9927,1,,,Extra-pair father is male from winter catch (box 65),
2021,offspring,3,b5g9067,m,B5A9106,B4P9127,0,,,,
2021,offspring,3,b5g9068,m,B5A9106,B4P9127,0,,,,
2021,offspring,3,b5g9069,m,B5A9106,b5a9927,1,,,Extra-pair father is male from winter catch (box 65),
2021,offspring,3,b5g9070,m,B5A9106,B4P9127,0,,,,
2021,offspring,3,b5g9071,f,B5A9106,B4P9127,0,,,,
2021,offspring,3,b5g9072,m,B5A9106,B4P9127,0,,,,
2021,offspring,6,b5g9577,m,B5G9299,B5A9459,0,,,,
2021,offspring,6,b5g9578,f,B5G9299,B5A9459,0,,,,
2021,offspring,6,b5g9579,m,B5G9299,B5A9459,0,,,,
2021,offspring,6,b5g9580,f,B5G9299,B5A9459,0,,,,
2021,offspring,6,b5g9581,m,B5G9299,B5A9459,0,,,,
2021,offspring,8,b5g9037,f,B4X8117,B4X8849,0,,,,
2021,offspring,8,b5g9038,f,B4X8117,B4X8849,0,,,,
2021,offspring,8,b5g9039,m,B4X8117,B4X8849,0,,1,,
2021,offspring,8,b5g9040,m,B4X8117,B4X8849,0,,,,
2021,offspring,8,b5g9041,f,B4X8117,B4X8849,0,,,,
2021,offspring,8,b5g9042,f,B4X8117,B4X8849,0,,,,
2021,offspring,8,b5g9043,m,B4X8117,B4X8849,0,,,,
2021,offspring,8,b5g9044,m,B4X8117,B4X8849,0,,,,
2021,offspring,8,x01000821,m,B4X8117,B4X8849,0,,,,
2021,offspring,9,b5g9045,f,B5A9478,B5A9831,0,,,,
2021,offspring,9,b5g9046,m,B5A9478,B5A9831,0,,,,
2021,offspring,9,b5g9047,f,B5A9478,B5A9527,1,,,Extra-pair father is male box 25,
2021,offspring,9,b5g9048,m,B5A9478,B5A9831,0,,,,
2021,offspring,9,b5g9049,m,B5A9478,B5A9831,0,,,,
2021,offspring,9,b5g9050,f,B5A9478,B5A9831,0,,,,
2021,offspring,9,b5g9051,m,B5A9478,B5A9831,0,,,,
2021,offspring,9,b5g9052,m,B5A9478,B5A9831,0,,,,
2021,offspring,9,b5g9053,m,B5A9478,B5A9831,0,,,,
2021,offspring,10,b5g9601,m,B5A9306,B4X8611,0,,,,
2021,offspring,10,b5g9602,m,B5A9306,B4X8611,0,,,,
2021,offspring,10,b5g9603,m,B5A9306,B4X8611,0,,,,
2021,offspring,10,b5g9604,m,B5A9306,B4X8611,0,,,,
2021,offspring,10,b5g9605,f,B5A9306,B4X8611,0,,,,
2021,offspring,10,b5g9606,m,B5A9306,B4X8611,0,,,,
2021,offspring,10,x01001021,m,B5A9306,B4X8611,0,,,,
2021,offspring,14,b5a9541,f,B5A9361,B5A9255,0,,,,
2021,offspring,14,b5a9542,m,B5A9361,,1,,,Extra-pair father unknown,
2021,offspring,14,b5a9543,m,B5A9361,B5A9255,0,,,,
2021,offspring,14,b5a9544,f,B5A9361,B5A9255,0,,,,
2021,offspring,14,b5a9545,m,B5A9361,B5A9255,0,,,,
2021,offspring,14,b5a9546,f,B5A9361,,1,,,Extra-pair father unknown,
2021,offspring,14,b5a9547,f,B5A9361,B5A9255,0,,,,
2021,offspring,15,x01001521,f,B4X8914,B5A9807,0,,,,
2021,offspring,15,x02001521,m,B4X8914,B5A9807,0,,,,
2021,offspring,15,x03001521,f,B4X8914,B5A9807,0,,,,
2021,offspring,15,x04001521,f,B4X8914,B5A9807,0,,,,
2021,offspring,15,x05001521,f,B4X8914,B5A9807,0,,,,
2021,offspring,15,x06001521,m,B4X8914,B5A9807,0,,,,
2021,offspring,15,x07001521,f,B4X8914,B5A9807,0,,,,
2021,offspring,15,x08001521,m,B4X8914,B5A9807,0,,,,
2021,offspring,16,b5g9260,f,B4X8843,B5A9219,0,,,,
2021,offspring,16,b5g9261,f,B4X8843,B5A9953,1,,,Extra-pair father is male box 20,
2021,offspring,16,b5g9262,f,B4X8843,B5A9219,0,,,,
2021,offspring,16,b5g9263,m,B4X8843,B5A9219,0,,,,
2021,offspring,16,b5g9264,m,B4X8843,B5A9219,0,,,,
2021,offspring,16,b5g9265,m,B4X8843,B5A9953,1,,,Extra-pair father is male box 20,
2021,offspring,16,b5g9266,m,B4X8843,B5A9219,0,,,,
2021,offspring,16,b5g9267,f,B4X8843,B5A9219,0,,,,
2021,offspring,16,b5g9268,m,B4X8843,B5A9219,0,,,,
2021,offspring,18,b5g9231,m,B4X8958,B5A9539,0,,,,
2021,offspring,18,b5g9232,m,B4X8958,B4X1839,1,,,Extra-pair father is male box 48,
2021,offspring,18,b5g9233,f,B4X8958,B5A9539,0,1,,,
2021,offspring,18,b5g9234,f,B4X8958,B4X1839,1,,,Extra-pair father is male box 48,
2021,offspring,18,b5g9235,m,B4X8958,B5A9539,0,,,,
2021,offspring,18,b5g9236,f,B4X8958,B4X1839,1,,,Extra-pair father is male box 48,
2021,offspring,18,b5g9237,f,B4X8958,B5A9539,0,,,,
2021,offspring,18,x01001821,m,B4X8958,,1,,,Extra-pair father unknown,
2021,offspring,20,b5g9133,m,B5A9526,B5A9953,0,,,,
2021,offspring,20,b5g9134,f,B5A9526,B5A9953,0,,,,
2021,offspring,20,b5g9135,m,B5A9526,B5A9953,0,,,,
2021,offspring,20,b5g9136,m,B5A9526,B5A9953,0,,,,
2021,offspring,20,b5g9137,f,B5A9526,B5A9953,0,,,,
2021,offspring,20,b5g9138,m,B5A9526,B5A9953,0,,,,
2021,offspring,24,x01002421,f,B5A9361,B5A9255,0,,,,
2021,offspring,24,x02002421,f,B5A9361,B4X1839,1,,,Extra-pair father is male box 48,
2021,offspring,24,x03002421,f,B5A9361,B5A9255,0,,,,
2021,offspring,24,x04002421,m,B5A9361,B5A9255,0,,,,
2021,offspring,24,x05002421,m,B5A9361,B5A9255,0,,1,,
2021,offspring,24,x06002421,m,B5A9361,B5A9255,0,,,,
2021,offspring,24,x07002421,f,B5A9361,B5A9255,0,,,,
2021,offspring,24,x08002421,f,B5A9361,B5A9255,0,,,,
2021,offspring,24,x09002421,m,B5A9361,B5A9255,0,1,,,
2021,offspring,24,x10002421,f,B5A9361,B4X1839,1,,,Extra-pair father is male box 48,
2021,offspring,24,x11002421,f,B5A9361,B5A9255,0,,,,
2021,offspring,25,b5g9109,m,B4P9969,B5A9527,0,,,,
2021,offspring,25,b5g9110,m,B4P9969,B5A9527,0,,,,
2021,offspring,25,b5g9111,m,B4P9969,B5A9527,0,,,,
2021,offspring,25,b5g9112,m,B4P9969,B5A9527,0,,,,
2021,offspring,25,b5g9113,f,B4P9969,B5A9527,0,,,,
2021,offspring,25,b5g9114,m,B4P9969,B5A9527,0,,,,
2021,offspring,25,x01002521,m,B4P9969,B5A9527,0,,,,
2021,offspring,28,b5g9225,f,B4X1821,B4X8855,0,,,,
2021,offspring,28,b5g9226,f,B4X1821,B4X8855,0,,,,
2021,offspring,28,b5g9227,m,B4X1821,B4X8855,0,,,,
2021,offspring,28,b5g9228,f,B4X1821,B4X8855,0,,,,
2021,offspring,28,b5g9229,m,B4X1821,B4X8855,0,,,,
2021,offspring,28,b5g9230,m,B4X1821,B4X8855,0,,,,
2021,offspring,30,b5g9481,f,B4X8926,B4X8835,0,,,,
2021,offspring,30,b5g9482,f,B4X8926,B4X1858,1,,,Extra-pair father is male box 42,
2021,offspring,30,b5g9483,f,B4X8926,B4X8835,0,,,,
2021,offspring,30,b5g9484,f,B4X8926,B4X8835,0,,,,
2021,offspring,30,b5g9485,f,B4X8926,B4X1858,1,,,Extra-pair father is male box 42,
2021,offspring,30,b5g9486,f,B4X8926,B4X8835,0,1,,,
2021,offspring,30,b5g9487,f,B4X8926,B4X8835,0,,,,
2021,offspring,30,x01003021,m,B4X8926,B4X8835,0,,,,
2021,offspring,32,b5g9223,m,B5A9058,B5A9149,0,,,,
2021,offspring,32,b5g9224,f,B5A9058,B5A9149,0,,,,
2021,offspring,34,x01003421,f,B4X1386,B5A9961,0,,,,
2021,offspring,34,x02003421,m,B4X1386,B5A9961,0,,,,
2021,offspring,34,x03003421,f,B4X1386,B5A9961,0,,,,
2021,offspring,34,x04003421,f,B4X1386,B5A9961,0,,,,
2021,offspring,34,x05003421,m,B4X1386,B5A9961,0,,,,
2021,offspring,34,x06003421,m,B4X1386,B5A9961,0,,,,
2021,offspring,34,x07003421,f,B4X1386,B5A9961,0,,,,
2021,offspring,34,x08003421,f,B4X1386,B5A9961,0,,,,
2021,offspring,35,b5g9527,f,B5G9396,B4P9391,0,,,,
2021,offspring,35,b5g9528,f,B5G9396,B4P9391,0,,,,
2021,offspring,35,b5g9529,m,B5G9396,B4P9391,0,,,,
2021,offspring,35,b5g9530,m,B5G9396,B4P9391,0,,,,
2021,offspring,35,b5g9531,m,B5G9396,B4P9391,0,,,,
2021,offspring,35,b5g9532,f,B5G9396,B4P9391,0,,1,,
2021,offspring,35,b5g9533,m,B5G9396,B4P9391,0,,,,
2021,offspring,35,b5g9534,m,B5G9396,B4P9391,0,,,,
2021,offspring,35,x02003521,f,B5G9396,B4P9391,0,,,,
2021,offspring,38,x01003821,f,B4X8997,B4H1675,0,,,,
2021,offspring,38,x02003821,m,B4X8997,B4H1675,0,,,,
2021,offspring,38,x03003821,m,B4X8997,B4H1675,0,,,,
2021,offspring,38,x04003821,m,B4X8997,B4H1675,0,,,,
2021,offspring,40,x01004021,m,B4P9792,B4X8996,0,,,,
2021,offspring,40,x02004021,m,B4P9792,B4X8996,0,,,,
2021,offspring,40,x03004021,f,B4P9792,B4X8996,0,,,,
2021,offspring,40,x04004021,m,B4P9792,B4X8996,0,,,,
2021,offspring,40,x05004021,m,B4P9792,B4X8996,0,,,,
2021,offspring,40,x06004021,f,B4P9792,B4X8996,0,,,,
2021,offspring,40,x07004021,f,B4P9792,B4X8996,0,,,,
2021,offspring,40,x08004021,f,B4P9792,B4X8996,0,,,,
2021,offspring,42,b5g9031,m,B4X8888,B4P9497,1,,,Extra-pair father is male box 43,
2021,offspring,42,b5g9032,f,B4X8888,B4X1858,0,,,,
2021,offspring,42,b5g9033,f,B4X8888,B4X1858,0,,,,
2021,offspring,42,b5g9034,f,B4X8888,B4X1858,0,,,,
2021,offspring,42,b5g9035,m,B4X8888,B4P9497,1,,,Extra-pair father is male box 43,
2021,offspring,42,b5g9036,m,B4X8888,B4P9497,1,,,Extra-pair father is male box 43,
2021,offspring,42,x01004221,m,B4X8839,B4X1858,0,,,,
2021,offspring,42,x02004221,f,B4X8888,B4X1858,0,,,,
2021,offspring,42,x03004221,m,B4X8888,B4P9497,1,,,Extra-pair father is male box 43,
2021,offspring,43,x01004321,m,B4H0051,B4P9497,0,,,,
2021,offspring,43,x02004321,f,B4H0051,B4P9497,0,,,,
2021,offspring,43,x03004321,f,B4H0051,B4P9497,0,,,,
2021,offspring,43,x04004321,f,B4H0051,B4P9497,0,,,,
2021,offspring,43,x05004321,f,B4H0051,B4P9497,0,,,,
2021,offspring,43,x06004321,f,B4H0051,B4P9497,0,,,,
2021,offspring,43,x07004321,f,B4H0051,B4P9497,0,,,,
2021,offspring,43,x08004321,f,B4H0051,B4P9497,0,,,,
2021,offspring,43,x09004321,f,B4H0051,B4P9497,0,,,,
2021,offspring,43,x10004321,m,B4H0051,B4P9497,0,1,,,
2021,offspring,43,x11004321,m,B4H0051,B4P9497,0,,,,
2021,offspring,44,b5g9473,m,B4P9614,B5A9772,0,,,,
2021,offspring,44,b5g9474,f,B4P9614,B5A9772,0,,,,
2021,offspring,44,b5g9475,f,B4P9614,B5A9772,0,,,,
2021,offspring,44,b5g9476,f,B4P9614,B5A9772,0,,,,
2021,offspring,44,b5g9477,f,B4P9614,B5A9772,0,,,,
2021,offspring,44,b5g9478,m,B4P9614,B5A9772,0,,,,
2021,offspring,44,b5g9479,f,B4P9614,B5A9772,0,,,,
2021,offspring,44,b5g9480,f,B4P9614,B5A9772,0,,,,
2021,offspring,44,x01004421,m,B4P9614,B5A9772,0,,,,
2021,offspring,46,b5g9301,m,B4X8837,B4X8486,0,,,,
2021,offspring,46,b5g9302,f,B4X8837,B4X8486,0,,,,
2021,offspring,46,b5g9303,f,B4X8837,B4X8486,0,,,,
2021,offspring,46,b5g9304,m,B4X8837,B4X8486,0,,,,
2021,offspring,46,b5g9305,f,B4X8837,B4X1501,1,,,Extra-pair father is male from 2020 box 12,
2021,offspring,46,x01004621,m,B4X8837,B4X8486,0,,,,
2021,offspring,46,x02004622,f,B4X8837,B4X8486,0,,,,
2021,offspring,46,x03004623,m,B4X8837,B4X8486,0,,,,
2021,offspring,46,x04004624,f,B4X8837,B4X8486,0,,,,
2021,offspring,47,b5g9535,f,B4X8971,B4X8962,0,,,,
2021,offspring,47,b5g9536,f,B4X8971,B4X8962,0,,,,
2021,offspring,47,b5g9537,m,B4X8971,B4X8962,0,,,,
2021,offspring,47,b5g9538,f,B4X8971,B4X8962,0,,,,
2021,offspring,47,b5g9539,f,B4X8971,B4X8962,0,,,,
2021,offspring,47,b5g9540,f,B4X8971,B4X8962,0,,,,
2021,offspring,47,b5g9541,f,B4X8971,B4X8962,0,,,,
2021,offspring,47,b5g9542,f,B4X8971,B4X8962,0,,,,
2021,offspring,48,b5g9467,f,B4P9561,B4X1839,0,,,,
2021,offspring,48,b5g9468,f,B4P9561,B4X1839,0,,,,
2021,offspring,48,b5g9469,f,B4P9561,B4X1839,0,,,,
2021,offspring,48,b5g9470,f,B4P9561,B4X1839,0,,,,
2021,offspring,48,b5g9471,m,B4P9561,B4X1839,0,,,,
2021,offspring,48,b5g9472,f,B4P9561,B4X1839,0,,,,
2021,offspring,48,x01004821,m,B4P9561,B4X1695,1,,,Extra-pair father is male box 84,
2021,offspring,48,x02004821,m,B4P9561,B4X1839,0,,,,
2021,offspring,51,b5g9101,f,B4P9641,B4X1585,0,,,,
2021,offspring,51,b5g9102,m,B4P9641,B4X1585,0,,,,
2021,offspring,51,b5g9103,f,B4P9641,b5a9900,1,,,Extra-pair father is male from winter catch (feeder 10),
2021,offspring,51,b5g9104,m,B4P9641,B4X1585,0,,,,
2021,offspring,51,b5g9105,m,B4P9641,B4X1585,0,,1,,
2021,offspring,51,b5g9106,m,B4P9641,B4X1585,0,,,,
2021,offspring,51,b5g9107,m,B4P9641,b5a9900,1,,,Extra-pair father is male from winter catch (feeder 10),
2021,offspring,51,b5g9108,f,B4P9641,B4X1585,0,,,,
2021,offspring,51,x01005121,m,B4P9641,B4X1585,0,,,,
2021,offspring,53,b5g9171,f,B4P8334,B4P8048,1,,,Extra-pair father is male from 2020 box 274,
2021,offspring,53,b5g9172,m,B4P8334,B4P8048,1,,,Extra-pair father is male from 2020 box 274,
2021,offspring,53,b5g9173,m,B4P8334,B4P8048,1,,,Extra-pair father is male from 2020 box 274,
2021,offspring,53,b5g9174,f,B4P8334,B4X8963,0,1,,,
2021,offspring,53,b5g9175,f,B4P8334,B4X8963,0,,,,
2021,offspring,53,x01005321,m,B4P8334,B4X8963,0,,,,
2021,offspring,54,b5g9269,m,,B5A9417,0,,,Mother unknown,
2021,offspring,54,b5g9270,m,,B5A9417,0,,,Mother unknown,
2021,offspring,54,b5g9271,f,,B5A9417,0,,,Mother unknown,
2021,offspring,54,b5g9272,m,,B5A9417,0,,,Mother unknown,
2021,offspring,54,b5g9273,f,,B5A9417,0,,,Mother unknown,
2021,offspring,54,b5g9274,m,,B5A9417,0,,,Mother unknown,
2021,offspring,54,x01005421,f,,B5A9417,0,,,Mother unknown,
2021,offspring,54,x02005421,m,,B5A9417,0,,,Mother unknown,
2021,offspring,54,x03005421,,,B5A9417,0,,,Mother unknown,
2021,offspring,55,b5g9201,f,B4X8955,B4X8530,0,,,,
2021,offspring,55,b5g9202,m,B4X8955,B4X8530,0,,,,
2021,offspring,55,b5g9203,m,B4X8955,B4X8530,0,,,,
2021,offspring,55,b5g9204,f,B4X8955,B4X8530,0,,,,
2021,offspring,55,b5g9205,m,B4X8955,B4X8530,0,,,,
2021,offspring,55,b5g9206,f,B4X8955,B4X8530,0,,,,
2021,offspring,55,x01005521,f,B4X8955,B4X8530,0,,,,
2021,offspring,59,b5g9025,m,B4X8650,B4X8644,0,,,,
2021,offspring,59,b5g9026,m,B4X8650,B4X8644,0,,,,
2021,offspring,59,b5g9027,m,B4X8650,B4X8644,0,,,,
2021,offspring,59,b5g9028,f,B4X8650,B4X8644,0,,,,
2021,offspring,59,b5g9029,m,B4X8650,B4X8644,0,,,,
2021,offspring,59,b5g9030,m,B4X8650,,1,,,Extra-pair father unknown,
2021,offspring,63,b5g9628,m,B5G9300,B4X8991,0,,,,
2021,offspring,63,b5g9629,f,B5G9300,B4X8991,0,,,,
2021,offspring,63,b5g9630,f,B5G9300,B4X8991,0,,,,
2021,offspring,63,b5g9631,f,B5G9300,,1,,,Extra-pair father unknown,
2021,offspring,63,b5g9632,m,B5G9300,,1,,,Extra-pair father unknown,
2021,offspring,63,b5g9633,f,B5G9300,B4X8996,1,,,Extra-pair father is male box 40,
2021,offspring,63,x01006321,f,B5G9300,,1,,,Extra-pair father unknown,
2021,offspring,64,x01006421,f,B4P9382,B5A9540,0,,,,
2021,offspring,64,x03006421,f,B4P9382,B5A9540,0,1,,,
2021,offspring,64,x04006421,m,B4P9382,B5A9540,0,,,,
2021,offspring,64,x05006421,m,B4P9382,B5A9540,0,,,,
2021,offspring,64,x06006421,m,B4P9382,B5A9540,0,,,,
2021,offspring,64,x07006421,m,B4P9382,B5A9540,0,,,,
2021,offspring,64,x08006421,m,B4P9382,B5A9540,0,,,,
2021,offspring,64,x09006421,m,B4P9382,B5A9540,0,,,,
2021,offspring,67,b5g9154,f,B4X1864,B4X1753,0,,,,
2021,offspring,67,b5g9155,m,B4X1864,B5A9416,1,,,Extra-pair father is male box 36,
2021,offspring,67,b5g9156,m,B4X1864,B4X1753,0,,1,,
2021,offspring,67,b5g9157,f,B4X1864,B4X1753,0,,,,
2021,offspring,67,b5g9158,f,B4X1864,B4X1753,0,,,,
2021,offspring,67,b5g9159,m,B4X1864,B4X1753,0,,,,
2021,offspring,67,x01006721,f,B4X1864,B4X1753,0,,,,
2021,offspring,70,b5g9092,f,B5A9297,B5A9520,0,,,,
2021,offspring,70,b5g9093,f,B5A9297,B5A9520,0,,,,
2021,offspring,70,b5g9094,f,B5A9297,B5A9520,0,,,,
2021,offspring,70,b5g9095,f,B5A9297,B5A9520,0,,,,
2021,offspring,70,b5g9096,f,B5A9297,B5A9520,0,,,,
2021,offspring,70,b5g9097,m,B5A9297,B5A9520,0,,,,
2021,offspring,70,b5g9098,f,B5A9297,B5A9520,0,,,,
2021,offspring,72,b5g9099,f,B4X1354,B4P8576,0,,,,
2021,offspring,72,b5g9100,m,B4X1354,B4P8576,0,,,,
2021,offspring,72,x01007221,m,B4X1354,B4P8576,0,,,,
2021,offspring,72,x02007221,m,B4X1354,B4P8576,0,,,,
2021,offspring,73,b5g9611,m,B4P9327,B4X8965,0,,,,
2021,offspring,73,b5g9612,f,B4P9327,B4X8965,0,,,,
2021,offspring,73,b5g9613,m,B4P9327,B4X8965,0,,,,
2021,offspring,73,b5g9614,f,B4P9327,B4X8965,0,,,,
2021,offspring,73,b5g9615,f,B4P9327,B4X8965,0,,,,
2021,offspring,73,b5g9616,f,B4P9327,B4X8965,0,,,,
2021,offspring,73,b5g9617,f,B4P9327,B4X8965,0,1,,,
2021,offspring,73,b5g9618,f,B4P9327,B4X8965,0,,,,
2021,offspring,73,x01007321,f,B4P9327,B4X8965,0,,,,
2021,offspring,73,x02007321,f,B4P9327,B4X8965,0,,,,
2021,offspring,77,x01007721,m,B4X1615,B4P8196,0,,,Father is male from 2020 box 79,
2021,offspring,77,x02007721,f,B4X1615,B4P8196,0,,,Father is male from 2020 box 79,
2021,offspring,77,x03007721,m,B4X1615,B4X8530,1,,,Extra-pair father is male box 55 and 79,
2021,offspring,77,x04007721,f,B4X1615,B4P8196,0,,,Father is male from 2020 box 79,
2021,offspring,77,x05007721,f,B4X1615,B4P8196,0,,,Father is male from 2020 box 79,
2021,offspring,77,x06007721,f,B4X1615,B4P8196,0,,,Father is male from 2020 box 79,
2021,offspring,77,x07007721,f,B4X1615,B4X8530,1,,,Extra-pair father is male box 55 and 79,
2021,offspring,77,x08007721,f,B4X1615,B4P8196,0,,,Father is male from 2020 box 79,
2021,offspring,77,x09007721,m,B4X1615,B4X8530,1,,,Extra-pair father is male box 55 and 79,
2021,offspring,79,b5g9634,f,B4H0389,B4X8530,0,,,The indicated male B4X8905 is not the father,
2021,offspring,79,b5g9635,m,B4H0389,B4X8530,0,,,The indicated male B4X8905 is not the father,
2021,offspring,79,b5g9636,m,B4H0389,B4X1695,1,1,,Extra-pair father is male box 84,
2021,offspring,79,b5g9637,f,B4H0389,B4X1695,1,,,Extra-pair father is male box 84,
2021,offspring,79,b5g9638,f,B4H0389,B4X8530,0,,,The indicated male B4X8905 is not the father,
2021,offspring,79,b5g9639,m,B4H0389,B4X8530,0,,,The indicated male B4X8905 is not the father,
2021,offspring,79,x01007921,f,B4H0389,B4X1695,1,,,Extra-pair father is male box 84,
2021,offspring,82,b5g9131,f,B4X8581,B4X1898,0,,,,
2021,offspring,82,b5g9132,m,B4X8581,B4X1898,0,,,,
2021,offspring,82,x01008221,f,B4X8581,B4X1898,0,,,,
2021,offspring,82,x02008221,m,B4X8581,B4X1898,0,,,,
2021,offspring,82,x03008221,m,B4X8581,B4X1898,0,,,,
2021,offspring,82,x04008221,m,B4X8581,B4X1898,0,,,,
2021,offspring,82,x05008221,m,B4X8581,B4X1898,0,,,,
2021,offspring,82,x06008221,m,B4X8581,B4X1898,0,,,,
2021,offspring,82,x07008221,f,B4X8581,B4X1898,0,,,,
2021,offspring,83,b5g9275,f,B4X1245,B4H1828,0,,1,,
2021,offspring,83,b5g9276,f,B4X1245,B4H1828,0,,1,,
2021,offspring,83,b5g9277,f,B4X1245,B4H1828,0,,,,
2021,offspring,83,b5g9278,f,B4X1245,B4H1828,0,,1,,
2021,offspring,83,b5g9279,m,B4X1245,,1,,,Extra-pair father unknown,
2021,offspring,83,b5g9280,f,B4X1245,B4H1828,0,,,,
2021,offspring,83,b5g9281,m,B4X1245,B4H1828,0,,1,,
2021,offspring,83,b5g9282,f,B4X1245,B4H1828,0,,1,,
2021,offspring,83,x02008321,f,B4X1245,B4H1828,0,,,,
2021,offspring,84,b5g9009,m,B4X1899,B4X1695,0,,,,
2021,offspring,84,b5g9010,f,B4X1899,B4H1828,1,,1,Extra-pair father is male box 83,
2021,offspring,84,b5g9011,f,B4X1899,B4H1828,1,,,Extra-pair father is male box 83,
2021,offspring,84,b5g9012,f,B4X1899,B4X1695,0,1,,,
2021,offspring,84,b5g9013,f,B4X1899,B4X1695,0,,,,
2021,offspring,84,b5g9014,f,B4X1899,B4H1828,1,,,Extra-pair father is male box 83,
2021,offspring,84,b5g9015,m,B4X1899,B4X1695,0,,,,
2021,offspring,84,b5g9016,f,B4X1899,B4X1695,0,,,,
2021,offspring,85,b5g9366,m,B4X1890,B4H1064,0,,,,
2021,offspring,85,b5g9367,m,B4X1890,B4H1064,0,,,,
2021,offspring,85,b5g9368,m,B4X1890,B4X1695,1,,,Extra-pair father is male box 84,
2021,offspring,85,b5g9369,m,B4X1890,B4H1064,0,,,,
2021,offspring,85,b5g9370,f,B4X1890,B4H1064,0,,,,
2021,offspring,85,b5g9371,m,B4X1890,B4X1695,1,,,Extra-pair father is male box 84,
2021,offspring,85,b5g9372,m,B4X1890,B4H1064,0,,,,
2021,offspring,85,b5g9373,m,B4X1890,B4H1064,0,,,,
2021,offspring,85,b5g9374,f,B4X1890,B4H1064,0,,,,
2021,offspring,85,b5g9375,m,B4X1890,B4H1064,0,,,,
2021,offspring,85,b5g9376,m,B4X1890,B4H1064,0,,,,
2021,offspring,88,x01008821,f,B4X8913,B4X8834,0,,1,,
2021,offspring,88,x02008821,m,B4X8913,B4X8834,0,,,,
2021,offspring,88,x03008821,m,B4X8913,B4X8834,0,,,,
2021,offspring,88,x04008821,m,B4X8913,B4X8834,0,,,,
2021,offspring,88,x05008821,m,B4X8913,B4X8834,0,,,,
2021,offspring,88,x06008821,f,B4X8913,B4X8834,0,,,,
2021,offspring,88,x07008821,f,B4X8913,B4X8834,0,,,,
2021,offspring,90,x01009021,f,B4X8841,B5A9715,0,,,,
2021,offspring,90,x02009021,m,B4X8841,B5A9715,0,4,,,
2021,offspring,93,x01009321,f,B5A9774,B4E9258,0,,,,
2021,offspring,93,x02009321,f,B5A9774,B4E9258,0,,,,
2021,offspring,93,x03009321,m,B5A9774,B4E9258,0,,,,
2021,offspring,93,x04009321,f,B5A9774,B4E9258,0,,,,
2021,offspring,93,x05009321,f,B5A9774,B4E9258,0,,,,
2021,offspring,93,x06009321,f,B5A9774,B4E9258,0,,,,
2021,offspring,93,x07009321,f,B5A9774,B4P8576,1,,,Extra-pair father is male box 72,
2021,offspring,93,x08009321,f,B5A9774,B4E9258,0,,,,
2021,offspring,93,x09009321,m,B5A9774,B4E9258,0,,,,
2021,offspring,93,x10009321,m,B5A9774,B4E9258,0,,,,
2021,offspring,94,b5g9596,m,B5A9275,B4X1473,1,,,Extra-pair father is recruited offspring born in 2018 in box 96,
2021,offspring,94,b5g9597,f,B5A9275,B5A9287,1,,,Extra-pair father is male box 100,
2021,offspring,94,b5g9598,f,B5A9275,B5A9287,1,,,Extra-pair father is male box 100,
2021,offspring,94,b5g9599,m,B5A9275,B5A9865,0,,,,
2021,offspring,94,b5g9600,f,B5A9275,B5A9865,0,,,,
2021,offspring,95,x01009521,f,B4H0379,b5a9512,1,,1,"Female was indicated as B4H0397, but the real female is 379 (error in social parent file?); extra-pair father is male from winter catch (feeder 5)",
2021,offspring,95,x02009521,f,B4H0379,B4X1915,0,,,,
2021,offspring,95,x03009521,f,B4H0379,b5a9512,1,,1,Extra-pair father is male from winter catch (feeder 5),
2021,offspring,95,x04009521,f,B4H0379,B4X1915,0,,,,
2021,offspring,96,x01009621,m,,B4X1915,0,,,"Female was indicated as B5A9275, but she is not the mother; mother unknown",
2021,offspring,96,x02009621,f,,B4X1915,0,,,"Female was indicated as B5A9275, but she is not the mother; mother unknown",
2021,offspring,96,x03009621,f,,,1,,,"Female was indicated as B5A9275, but she is not the mother; mother unknown; extra-pair father unknown",
2021,offspring,96,x04009621,m,,,1,,,"Female was indicated as B5A9275, but she is not the mother; mother unknown; extra-pair father unknown",
2021,offspring,96,x05009621,m,,,1,,,"Female was indicated as B5A9275, but she is not the mother; mother unknown; extra-pair father unknown",
2021,offspring,99,b5g9139,m,B5A9002,B4X8535,0,,,,
2021,offspring,99,b5g9140,f,B5A9002,B4X8535,0,,,,
2021,offspring,99,b5g9141,f,B5A9002,B4X8535,0,,,,
2021,offspring,99,b5g9142,f,B5A9002,B4X8535,0,,,,
2021,offspring,99,x01009921,f,B5A9002,B4X8535,0,,,,
2021,offspring,99,x02009921,f,B5A9002,B4X8535,0,,,,
2021,offspring,99,x03009921,m,B5A9002,B4X8535,0,,,,
2021,offspring,100,b5g9564,m,B5A9935,,1,,,Extra-pair father unknown,
2021,offspring,100,b5g9565,f,B5A9935,B5A9287,0,,,,
2021,offspring,100,b5g9566,f,B5A9935,,1,,,Extra-pair father unknown,
2021,offspring,100,b5g9567,f,B5A9935,B5A9287,0,,,,
2021,offspring,100,b5g9568,m,B5A9935,B5A9287,0,,,,
2021,offspring,100,b5g9569,f,B5A9935,B5A9287,0,,,,
2021,offspring,100,b5g9570,m,B5A9935,B5A9287,0,,,,
2021,offspring,100,b5g9571,m,B5A9935,B5A9287,0,,,,
2021,offspring,102,b5g9160,f,B5A9534,B4X8995,0,,,,
2021,offspring,102,b5g9161,f,B5A9534,B4X8995,0,,,,
2021,offspring,102,b5g9162,f,B5A9534,B4X8995,0,,,,
2021,offspring,102,x01010221,f,B5A9534,B4X8995,0,,,,
2021,offspring,102,x02010221,m,B5A9534,B4X8995,0,,,,
2021,offspring,102,x03010221,f,B5A9534,B4X8995,0,,,,
2021,offspring,104,b5g9619,m,B5G9400,B5G9399,0,,,"In social parent file, male and female were exchanged?",
2021,offspring,104,b5g9620,f,B5G9400,B5G9399,0,,,,
2021,offspring,104,b5g9621,f,B5G9400,B5G9399,0,,,,
2021,offspring,104,b5g9622,f,B5G9400,B5G9399,0,,,,
2021,offspring,104,b5g9623,m,B5G9400,B5G9399,0,,,,
2021,offspring,104,b5g9624,f,B5G9400,B5G9399,0,,,,
2021,offspring,104,b5g9625,f,B5G9400,B5G9399,0,,,,
2021,offspring,104,b5g9626,f,B5G9400,B5G9399,0,,,,
2021,offspring,104,b5g9627,f,B5G9400,B5G9399,0,,,,
2021,offspring,104,x01010421,f,B5G9400,B5G9399,0,,,,
2021,offspring,106,b5g9352,f,B4X1250,B4X8372,0,,,,
2021,offspring,106,b5g9353,m,B4X1250,B4X8372,0,,,,
2021,offspring,106,b5g9354,m,B4X1250,B4X8372,0,,,,
2021,offspring,106,b5g9355,m,B4X1250,B4X8372,0,,,,
2021,offspring,106,b5g9356,m,B4X1250,B4X8372,0,,,,
2021,offspring,106,b5g9357,f,B4X1250,B4X8372,0,,,,
2021,offspring,106,b5g9358,f,B4X1250,B4X8372,0,,,,
2021,offspring,106,x01010621,m,B4X1250,B4X8372,0,,,,
2021,offspring,106,x02010621,f,B4X1250,B4X1004,1,,,Extra-pair father is male box 116,
2021,offspring,108,b5g9607,m,B4P9250,B4P8414,0,,,,
2021,offspring,108,b5g9608,f,B4P9250,B4P8414,0,,,,
2021,offspring,108,b5g9609,m,B4P9250,B4P8414,0,,,,
2021,offspring,108,b5g9610,f,B4P9250,B4P8414,0,,,,
2021,offspring,108,x01010821,f,B4P9250,B4P8414,0,,,,
2021,offspring,108,x02010821,f,B4P9250,B4P8414,0,,,,
2021,offspring,108,x03010821,m,B4P9250,B4P8414,0,,,,
2021,offspring,108,x04010821,m,B4P9250,B4P8414,0,,,,
2021,offspring,108,x05010821,f,B4P9250,B4P8414,0,,,,
2021,offspring,109,b5a9556,f,,B5A9902,0,,,Mother unknown,
2021,offspring,109,b5a9557,m,,B5A9902,0,,,Mother unknown,
2021,offspring,109,b5a9558,f,,B5A9902,0,,,Mother unknown,
2021,offspring,109,b5a9559,f,,B5A9902,0,,,Mother unknown,
2021,offspring,109,b5a9560,f,,B5A9902,0,,,Mother unknown,
2021,offspring,109,b5a9561,m,,B5A9902,0,,,Mother unknown,
2021,offspring,110,b5g9640,f,B5A9326,B4X1883,0,,,,
2021,offspring,110,b5g9641,f,B5A9326,B4X1883,0,,,,
2021,offspring,110,b5g9642,f,B5A9326,B4X1883,0,,,,
2021,offspring,110,b5g9643,m,B5A9326,B4X1883,0,,,,
2021,offspring,110,b5g9644,f,B5A9326,B4X1883,0,,,,
2021,offspring,110,b5g9645,f,B5A9326,B4X1883,0,,,,
2021,offspring,110,b5g9646,f,B5A9326,B4X1883,0,,,,
2021,offspring,110,x01011021,f,B5A9326,B4X1883,0,,,,
2021,offspring,111,x01011121,f,B4X1889,B4H1064,1,,,Extra-pair father is male box 85,
2021,offspring,111,x02011121,f,B4X1889,B4X1883,0,,,,
2021,offspring,111,x03011121,m,B4X1889,B4X1883,0,,,,
2021,offspring,111,x04011121,f,B4X1889,B4X1883,0,,,,
2021,offspring,111,x05011121,m,B4X1889,B4X1883,0,,,,
2021,offspring,111,x06011121,m,B4X1889,B4X1883,0,,,,
2021,offspring,112,b5g9345,f,B4X1285,B5A9504,0,,,,
2021,offspring,112,b5g9346,f,B4X1285,B5A9504,0,,,,
2021,offspring,112,b5g9347,m,B4X1285,B5A9504,0,,,,
2021,offspring,112,b5g9348,m,B4X1285,B4X8915,1,,,Extra-pair father is male from 2020 box 136,
2021,offspring,112,b5g9349,f,B4X1285,B4X8915,1,,,Extra-pair father is male from 2020 box 136,
2021,offspring,112,b5g9350,f,B4X1285,B5A9504,0,,,,
2021,offspring,112,b5g9351,m,B4X1285,B5A9504,0,,,,
2021,offspring,112,x01011221,,B4X1285,B5A9504,0,,,,
2021,offspring,113,b5g9082,m,B5A9460,B4X1001,1,,,Indicated male B5A9504 is not the father; extra-pair father is male from 2020 box 83 and from 2021 box 137,
2021,offspring,113,b5g9083,f,B5A9460,B4X8296,0,,,Father is also male box 137,
2021,offspring,113,b5g9084,m,B5A9460,B4X8296,0,,,Father is also male box 137,
2021,offspring,113,x01011321,m,B5A9460,B4X8296,0,,,Father is also male box 137,
2021,offspring,113,x02011321,m,B5A9460,B4X8296,0,,,Father is also male box 137,
2021,offspring,113,x03011321,m,B5A9460,B4X8296,0,,,Father is also male box 137,
2021,offspring,114,b5g9073,f,B4X8861,B4X1838,0,,,,
2021,offspring,114,b5g9074,m,B4X8861,B4X1838,0,,,,
2021,offspring,114,b5g9075,f,B4X8861,B4X1838,0,1,,,
2021,offspring,114,b5g9076,m,B4X8861,B4X1838,0,,,,
2021,offspring,114,b5g9077,m,B4X8861,B4X1838,0,,,,
2021,offspring,114,b5g9078,f,B4X8861,B4X1838,0,,,,
2021,offspring,114,b5g9079,m,B4X8861,B4X1838,0,,,,
2021,offspring,114,b5g9080,f,B4X8861,B4X1838,0,,,,
2021,offspring,114,b5g9081,m,B4X8861,B4X1530,1,1,,Extra-pair father is recruited male born in 2018 in box 37 - caught in winter 2019,
2021,offspring,115,b5g9017,m,B5G9395,B4P8414,1,,,Extra-pair father is male box 108,
2021,offspring,115,b5g9018,m,B5G9395,B4P8414,1,1,,Extra-pair father is male box 108,
2021,offspring,115,b5g9019,f,B5G9395,B5G9344,0,,,,
2021,offspring,115,b5g9020,m,B5G9395,B5G9344,0,1,,,
2021,offspring,115,b5g9021,m,B5G9395,B4P8414,1,,,Extra-pair father is male box 108,
2021,offspring,115,b5g9022,f,B5G9395,B5G9344,0,,,,
2021,offspring,115,b5g9023,f,B5G9395,B5G9344,0,,,,
2021,offspring,115,b5g9024,m,B5G9395,B4P8414,1,,,Extra-pair father is male box 108,
2021,offspring,116,x01011621,f,B4X8901,B4X8372,1,,,Extra-pair father is male box 106,
2021,offspring,118,b5g9435,m,B4X8450,B4X1039,0,,,,
2021,offspring,118,b5g9436,m,B4X8450,B4X1039,0,,,,
2021,offspring,118,b5g9437,m,B4X8450,B4X1039,0,,,,
2021,offspring,118,b5g9438,m,B4X8450,B4X1039,0,,,,
2021,offspring,118,b5g9439,m,B4X8450,B4X1039,0,,,,
2021,offspring,118,x01011821,f,B4X8450,B4X1039,0,,,,
2021,offspring,120,x01012021,f,B4X1031,B4P9307,0,,,,
2021,offspring,120,x02012021,f,B4X1031,B4P9307,0,,,,
2021,offspring,120,x03012021,m,B4X1031,B4P9307,0,,,,
2021,offspring,120,x04012021,m,B4X1031,B4P9307,0,,,,
2021,offspring,120,x05012021,f,B4X1031,B4P9307,0,,,,
2021,offspring,120,x06012021,m,B4X1031,B4P9307,0,,,,
2021,offspring,120,x07012021,m,B4X1031,B4X8890,1,,,Extra-pair father is male box 182,
2021,offspring,120,x08012021,f,B4X1031,B4P9307,0,,,,
2021,offspring,121,b5g9405,f,B4X1062,B4X1624,0,,,,
2021,offspring,121,b5g9406,m,B4X1062,B4X1624,0,,,,
2021,offspring,121,b5g9407,f,B4X1062,B4X1624,0,,,,
2021,offspring,121,b5g9408,m,B4X1062,B4X1624,0,,,,
2021,offspring,121,b5g9409,m,B4X1062,B4P9951,1,,,Extra-pair father is male box 146,
2021,offspring,121,b5g9410,f,B4X1062,B4X1624,0,,,,
2021,offspring,121,b5g9411,m,B4X1062,B4X1624,0,,,,
2021,offspring,121,x01012121,m,B4X1062,B4P9951,1,,,Extra-pair father is male box 146,
2021,offspring,121,x02012121,m,B4X1062,B4X1624,0,,,,
2021,offspring,123,b5a9548,f,B4P9100,B4P8576,1,,,Extra-pair father is male box 72,
2021,offspring,123,b5a9549,m,B4P9100,B4P8576,1,,,Extra-pair father is male box 72,
2021,offspring,123,b5a9550,f,B4P9100,B4P8576,1,,,Extra-pair father is male box 72,
2021,offspring,123,b5a9551,f,B4P9100,B4P8576,1,,,Extra-pair father is male box 72,
2021,offspring,123,x01012321,m,B4P9100,B4P8017,0,1,,,
2021,offspring,124,b5g9115,f,B4X8826,B4X1240,0,,1,,
2021,offspring,124,b5g9116,m,B4X8826,B4X1240,0,,,,
2021,offspring,124,b5g9117,m,B4X8826,B4X1240,0,,,,
2021,offspring,124,b5g9118,f,B4X8826,B4X1240,0,,,,
2021,offspring,124,b5g9119,f,B4X8826,B4X1240,0,,,,
2021,offspring,124,b5g9120,m,B4X8826,B4X1240,0,,,,
2021,offspring,124,b5g9121,f,B4X8826,B4X1800,1,,,Extra-pair father is male box 151,
2021,offspring,124,x01012421,m,B4X8826,B4X1240,0,,,,
2021,offspring,129,b5g9007,f,B4X8004,B5A9142,0,,,,
2021,offspring,129,b5g9008,m,B4X8004,B5A9142,0,,,,
2021,offspring,129,x01012921,f,B4X8004,B5A9142,0,,,,
2021,offspring,129,x02012921,,B4X8004,B5A9142,0,,,,
2021,offspring,129,x03012921,,B4X8004,B5A9142,0,,,,
2021,offspring,129,x04012921,,B4X8004,B5A9142,0,,,,
2021,offspring,129,x05012921,f,B4X8004,B5A9142,0,,,,
2021,offspring,131,b5g9582,m,B4X1600,B4X8857,0,,,,
2021,offspring,131,b5g9583,f,B4X1600,B4X8857,0,,,,
2021,offspring,131,b5g9584,m,B4X1600,B4X8857,0,,,,
2021,offspring,131,x01013121,m,B4X1600,B4X8857,0,,,,
2021,offspring,131,x02013121,f,B4X1600,B4X8857,0,,,,
2021,offspring,132,b5g9572,m,B4X8882,B4X8626,0,,,,
2021,offspring,132,b5g9573,f,B4X8882,B4X8626,0,,,,
2021,offspring,132,b5g9574,m,B4X8882,B4X8626,0,,,,
2021,offspring,132,b5g9575,f,B4X8882,B4X8626,0,,,,
2021,offspring,132,b5g9576,f,B4X8882,B4X8626,0,,,,
2021,offspring,132,x01013221,m,B4X8882,B4X8626,0,,,,
2021,offspring,134,b5g9200,f,B4H0937,B4X1912,0,,,,
2021,offspring,134,b5g9401,m,B4H0937,B4X1912,0,,,,
2021,offspring,134,b5g9402,m,B4H0937,B4X1912,0,,,,
2021,offspring,134,b5g9403,f,B4H0937,B4X1912,0,,,,
2021,offspring,134,b5g9404,f,B4H0937,B4X1912,0,,,,
2021,offspring,134,x01013421,m,B4H0937,B4X1912,0,,,,
2021,offspring,134,x02013421,m,B4H0937,B4X8349,1,,,Extra-pair father is male box 169,
2021,offspring,136,b5g9291,f,B4X1887,b5a9270,1,,,Extra-pair father is male from winter catch (feeder 12); was also indicated as alternative social male? - rapid mate switching?,
2021,offspring,136,b5g9292,f,B4X1887,B5A9717,0,,,,
2021,offspring,136,b5g9293,m,B4X1887,b5a9270,1,,,Extra-pair father is male from winter catch (feeder 12); was also indicated as alternative social male? - rapid mate switching?,
2021,offspring,136,b5g9294,m,B4X1887,B5A9717,0,,,,
2021,offspring,136,b5g9295,m,B4X1887,B5A9717,0,,,,
2021,offspring,136,b5g9296,m,B4X1887,B5A9717,0,,,,
2021,offspring,136,b5g9297,m,B4X1887,,1,,,Extra-pair father unknown,
2021,offspring,136,b5g9298,f,B4X1887,B5A9717,0,,,,
2021,offspring,136,x01013621,f,B4X1887,b5a9270,1,,2,Extra-pair father is male from winter catch (feeder 12); was also indicated as alternative social male? - rapid mate switching?,
2021,offspring,136,x02013621,,B4X1887,B5A9717,0,,2,,
2021,offspring,137,b5g9252,m,B4X1894,B4X8296,0,,,,
2021,offspring,137,b5g9253,m,B4X1894,B4X1001,1,1,,Extra-pair father is male from 2020 box 83 - could be original male that was replaced?,
2021,offspring,137,b5g9254,m,B4X1894,B4X1001,1,,,Extra-pair father is male from 2020 box 83 - could be original male that was replaced?,
2021,offspring,137,b5g9255,f,B4X1894,B4X1001,1,,,Extra-pair father is male from 2020 box 83 - could be original male that was replaced?,
2021,offspring,137,b5g9256,f,B4X1894,B4X1001,1,,,Extra-pair father is male from 2020 box 83 - could be original male that was replaced?,
2021,offspring,137,b5g9257,m,B4X1894,B4X1001,1,,,Extra-pair father is male from 2020 box 83 - could be original male that was replaced?,
2021,offspring,137,b5g9258,m,B4X1894,B4X1001,1,,,Extra-pair father is male from 2020 box 83 - could be original male that was replaced?,
2021,offspring,137,b5g9259,m,B4X1894,B4X1001,1,,,Extra-pair father is male from 2020 box 83 - could be original male that was replaced?,
2021,offspring,137,x01013721,m,B4X1894,B4X1001,1,,,Extra-pair father is male from 2020 box 83 - could be original male that was replaced?,
2021,offspring,141,x01014121,m,B4P8184,B4X1401,0,,,,
2021,offspring,141,x02014121,f,B4P8184,B4X1401,0,,,,
2021,offspring,141,b5g9217,m,B4P8184,B4X1401,0,,,,
2021,offspring,141,b5g9218,m,B4P8184,B4X1401,0,,,,
2021,offspring,141,b5g9219,f,B4P8184,B4X1401,0,,,,
2021,offspring,141,b5g9220,f,B4P8184,B4X1401,0,,,,
2021,offspring,141,b5g9221,f,B4P8184,B4X1401,0,,,,
2021,offspring,141,b5g9222,f,B4P8184,B4X1401,0,1,,,
2021,offspring,145,b5g9306,f,B4X1131,B4P8598,0,,,,
2021,offspring,145,b5g9307,f,B4X1131,B4P8598,0,,,,
2021,offspring,145,b5g9308,m,B4X1131,B4P8598,0,,,,
2021,offspring,145,b5g9309,m,B4X1131,B4P8598,0,,,,
2021,offspring,145,b5g9310,f,B4X1131,B4P8598,0,,,,
2021,offspring,145,x01014521,f,B4X1131,B4P9307,1,,,Extra-pair father is male box 120,
2021,offspring,145,x02014521,,B4X1131,B4P8598,0,,,,
2021,offspring,145,x03014521,m,B4X1131,B4P8598,0,,,,
2021,offspring,146,b5g9212,f,B4X8193,B4P9951,0,,,,
2021,offspring,146,b5g9213,m,B4X8193,B4P9951,0,,,,
2021,offspring,146,b5g9214,m,B4X8193,B4P9951,0,,,,
2021,offspring,146,b5g9215,m,B4X8193,B4P9951,0,,,,
2021,offspring,146,b5g9216,f,B4X8193,B4P9951,0,,,,
2021,offspring,146,x01014621,m,B4X8193,B4P9951,0,1,,,
2021,offspring,146,x02014621,m,B4X8193,B4P9951,0,1,,,
2021,offspring,148,b5a9552,f,B5A9062,B4X1624,0,1,,,
2021,offspring,148,b5a9553,f,B5A9062,,1,1,,Extra-pair father unknown,
2021,offspring,148,b5a9554,f,B5A9062,B4X1624,0,,,,
2021,offspring,148,b5a9555,f,B5A9062,B4X1624,0,,,,
2021,offspring,150,b5g9001,f,B4X8017,B4X1828,0,,,,
2021,offspring,150,b5g9002,f,B4X8017,B4X1828,0,,,,
2021,offspring,150,b5g9003,m,B4X8017,B4X1828,0,,,,
2021,offspring,150,b5g9004,m,B4X8017,B4X1828,0,,,,
2021,offspring,150,b5g9005,m,B4X8017,B4X1828,0,,,,
2021,offspring,150,b5g9006,f,B4X8017,B4X1828,0,,,,
2021,offspring,150,x01015021,m,B4X8017,B4X1828,0,,,,
2021,offspring,150,x02015021,f,B4X8017,B4X1828,0,,,,
2021,offspring,150,x03015021,m,B4X8017,B4X1828,0,,,,
2021,offspring,150,x04015021,m,B4X8017,B4X1828,0,,,,
2021,offspring,151,b5g9143,m,B4X8850,B4X1800,0,,,,
2021,offspring,151,b5g9144,f,B4X8850,B4X1800,0,,,,
2021,offspring,151,b5g9145,f,B4X8850,B4X1800,0,,,,
2021,offspring,151,b5g9146,m,B4X8850,B4X1800,0,,,,
2021,offspring,151,b5g9147,f,B4X8850,B4X1800,0,,,,
2021,offspring,151,x01015121,f,B4X8850,B4X1800,0,,,,
2021,offspring,151,x02015121,m,B4X8850,B4X1800,0,,,,
2021,offspring,151,x03015121,m,B4X8850,B4X1800,0,,,,
2021,offspring,151,x04015121,m,B4X8850,B4X1800,0,,,,
2021,offspring,157,b5g9647,f,,B5A9143,0,,1,Mother unknown,
2021,offspring,157,b5g9648,f,,B5A9143,0,,,Mother unknown,
2021,offspring,157,b5g9649,m,,B4X1624,1,,,Mother unknown; extra-pair father is male from box 121 and 148,
2021,offspring,157,b5g9650,m,,B5A9143,0,,,Mother unknown,
2021,offspring,157,b5g9651,f,,B5A9143,0,,,Mother unknown,
2021,offspring,157,b5g9652,f,,B5A9143,0,,,Mother unknown,
2021,offspring,160,b5g9509,f,B5A9795,B4X8049,0,,,,
2021,offspring,160,b5g9510,f,B5A9795,B4X8049,0,,,,
2021,offspring,160,b5g9511,m,B5A9795,B4X8049,0,,,,
2021,offspring,160,b5g9512,f,B5A9795,B4X8049,0,,,,
2021,offspring,160,b5g9513,m,B5A9795,B4X8049,0,,,,
2021,offspring,160,b5g9514,m,B5A9795,B4X8049,0,,,,
2021,offspring,160,b5g9515,m,B5A9795,B4X8049,0,,,,
2021,offspring,160,b5g9516,f,B5A9795,B4X8049,0,,,,
2021,offspring,160,x01016021,,b5a9947,B4X8049,0,,,Mother is original female that disappeared,
2021,offspring,160,x02016021,m,b5a9947,B4X8049,0,,,Mother is original female that disappeared,
2021,offspring,160,x03016021,f,b5a9947,B4X8049,0,,,Mother is original female that disappeared,
2021,offspring,162,b5g9459,m,B5A9533,B4X8975,0,,,,
2021,offspring,162,b5g9460,f,B5A9533,B4X8975,0,,,,
2021,offspring,162,b5g9461,f,B5A9533,B4P9695,1,,,Extra-pair father is male box 166,
2021,offspring,162,b5g9462,f,B5A9533,B4P9695,1,,,Extra-pair father is male box 166,
2021,offspring,162,b5g9463,m,B5A9533,B4X8975,0,,,,
2021,offspring,162,b5g9464,f,B5A9533,B4X8975,0,,,,
2021,offspring,162,b5g9465,m,B5A9533,B4X8975,0,,,,
2021,offspring,162,b5g9466,m,B5A9533,B4X8975,0,,,,
2021,offspring,163,b5g9245,f,B5A9458,B4X8998,0,,,,
2021,offspring,163,b5g9246,f,B5A9458,B4X8998,0,,,,
2021,offspring,163,b5g9247,m,B5A9458,B4X8998,0,,,,
2021,offspring,163,b5g9248,m,B5A9458,B4X8998,0,,,,
2021,offspring,163,b5g9249,f,B5A9458,B4X8998,0,,,,
2021,offspring,163,b5g9250,f,B5A9458,B4X8998,0,,,,
2021,offspring,163,b5g9251,m,B5A9458,B4X8998,0,,,,
2021,offspring,163,x01016321,,B5A9458,B4X8998,0,,,,
2021,offspring,165,b5g9560,m,B4X8875,,0,,,Indicated male B4P9695 is not the father; unknown father,
2021,offspring,165,b5g9561,f,B4X8875,,0,,,Indicated male B4P9695 is not the father; unknown father,
2021,offspring,165,b5g9562,f,B4X8875,,0,,,Indicated male B4P9695 is not the father; unknown father,
2021,offspring,165,b5g9563,m,B4X8875,,0,,,Indicated male B4P9695 is not the father; unknown father,
2021,offspring,165,x01016521,f,B4X8875,,0,1,,Indicated male B4P9695 is not the father; unknown father,
2021,offspring,165,x02016521,f,B4X8875,,0,,,Indicated male B4P9695 is not the father; unknown father,
2021,offspring,166,b5g9283,m,B4X1871,B4P9643,1,,,Extra-pair father is male box 189,
2021,offspring,166,b5g9284,m,B4X1871,B4P9643,1,,,Extra-pair father is male box 189,
2021,offspring,166,b5g9285,f,B4X1871,B4P9643,1,,,Extra-pair father is male box 189,
2021,offspring,166,b5g9286,m,B4X1871,B4P9695,0,,,,
2021,offspring,166,b5g9287,f,B4X1871,B4P9695,0,,,,
2021,offspring,166,b5g9288,m,B4X1871,B4P9695,0,,,,
2021,offspring,166,b5g9289,f,B4X1871,B4P9643,1,,,Extra-pair father is male box 189,
2021,offspring,166,b5g9290,f,B4X1871,B4P9695,0,,,,
2021,offspring,168,x01016821,m,,B4X8643,0,,,Mother unknown,
2021,offspring,168,x02016821,,,B4X8643,0,,,Mother unknown,
2021,offspring,168,x03016821,f,,B4X8643,0,,,Mother unknown,
2021,offspring,168,x04016821,m,,B4X8643,0,,,Mother unknown,
2021,offspring,168,x05016821,f,,B4X8643,0,,,Mother unknown,
2021,offspring,168,x06016821,f,,B4X8643,0,,,Mother unknown,
2021,offspring,168,x07016821,f,,B4X8643,0,,,Mother unknown,
2021,offspring,168,x08016821,f,,B4X8643,0,,,Mother unknown,
2021,offspring,168,x09016821,m,,B4X8643,0,,,Mother unknown,
2021,offspring,168,x10016821,m,,B4X8643,0,,,Mother unknown,
2021,offspring,169,x01016921,m,B4X1795,B4X8349,0,,,,
2021,offspring,169,x02016921,m,B4X1795,B4X8349,0,,,,
2021,offspring,169,x03016921,f,B4X1795,B4X8349,0,,,,
2021,offspring,169,x04016921,f,B4X1795,B4X8349,0,,,,
2021,offspring,169,x05016921,m,B4X1795,B4X8349,0,,,,
2021,offspring,169,x06016921,m,B4X1795,B4X8349,0,,,,
2021,offspring,169,x07016921,m,B4X1795,B4X8349,0,,,,
2021,offspring,169,x08016921,m,B4X1795,B4X8349,0,,,,
2021,offspring,169,x09016921,m,B4X1795,B4X8349,0,,,,
2021,offspring,170,b5g9488,m,B5G9398,B5G9397,0,,,,
2021,offspring,170,b5g9489,m,B5G9398,B5G9397,0,,,,
2021,offspring,170,b5g9490,f,B5G9398,B5G9397,0,,,,
2021,offspring,170,b5g9491,m,B5G9398,B5G9397,0,,,,
2021,offspring,170,b5g9492,f,B5G9398,B5G9397,0,,,,
2021,offspring,170,b5g9493,f,B5G9398,B5G9397,0,,,,
2021,offspring,170,x01017021,m,B5G9398,B5G9397,0,,,,
2021,offspring,170,x02017021,m,B5G9398,B5G9397,0,1,,,
2021,offspring,170,x03017021,m,B5G9398,B5G9397,0,,,,
2021,offspring,170,x04017021,f,B5G9398,B5G9397,0,,,,
2021,offspring,170,x05017021,m,B5G9398,B5G9397,0,,,,
2021,offspring,172,b5g9517,f,B4P8958,B4P9951,0,,,Indicated father B4X1445 is a female; father is also male box 146 (interpretation that this is the social (polygynous) male is not certain),
2021,offspring,172,b5g9518,m,B4P8958,B4P9951,0,,,Indicated father B4X1445 is a female; father is also male box 146 (interpretation that this is the social (polygynous) male is not certain),
2021,offspring,172,b5g9519,m,B4P8958,B4P9951,0,,,Indicated father B4X1445 is a female; father is also male box 146 (interpretation that this is the social (polygynous) male is not certain),
2021,offspring,172,b5g9520,m,B4P8958,B4X1443,1,,,Indicated father B4X1445 is a female; extra-pair father is male box 183,
2021,offspring,172,b5g9521,m,B4P8958,B4X1443,1,1,2,Indicated father B4X1445 is a female; extra-pair father is male box 183,
2021,offspring,172,b5g9522,m,B4P8958,B4X1443,1,,1,Indicated father B4X1445 is a female; extra-pair father is male box 183,
2021,offspring,173,b5g9585,f,B5A9972,B5A9404,0,,,,
2021,offspring,173,b5g9586,m,B5A9972,B5A9404,0,,,,
2021,offspring,173,b5g9587,m,B5A9972,B5A9404,0,,,,
2021,offspring,173,b5g9588,f,B5A9972,B5A9404,0,1,,,
2021,offspring,173,x01017321,f,B5A9972,B5A9404,0,,,,
2021,offspring,174,b5g9551,f,B5A9528,,0,,,Indicated male B4H0223 is not the father; father unknown,
2021,offspring,174,b5g9552,f,B5A9528,,0,,,Indicated male B4H0223 is not the father; father unknown,
2021,offspring,174,b5g9553,m,B5A9528,,0,,,Indicated male B4H0223 is not the father; father unknown,
2021,offspring,175,b5g9163,f,B4X8966,B4X8586,0,,,,
2021,offspring,175,b5g9164,m,B4X8966,B4X8586,0,,,,
2021,offspring,175,b5g9165,m,B4X8966,B4X8586,0,,,,
2021,offspring,175,b5g9166,m,B4X8966,B4X8586,0,,,,
2021,offspring,175,b5g9167,f,B4X8966,B4X8586,0,,,,
2021,offspring,175,b5g9168,m,B4X8966,B4X8586,0,,,,
2021,offspring,175,b5g9169,f,B4X8966,B4X8586,0,,,,
2021,offspring,175,b5g9170,m,B4X8966,B4X8586,0,,,,
2021,offspring,175,x01017521,f,B4X8966,B4X8586,0,,,,
2021,offspring,177,b5g9122,m,B4X8852,B4X8077,0,1,,,
2021,offspring,177,b5g9123,f,B4X8852,B4X8077,0,,,,
2021,offspring,177,b5g9124,f,B4X8852,B4X8077,0,,,,
2021,offspring,177,b5g9125,m,B4X8852,B4X8077,0,,,,
2021,offspring,177,b5g9126,f,B4X8852,B4X8077,0,,,,
2021,offspring,177,x01017721,m,B4X8852,B4X8077,0,,,,
2021,offspring,179,b5g9543,f,B4P8569,B4X1039,1,,,Extra-pair father is male box 118,
2021,offspring,179,b5g9544,f,B4P8569,B5A9908,0,,,,
2021,offspring,179,b5g9545,f,B4P8569,B5A9908,0,,,,
2021,offspring,179,x01017921,m,B4P8569,B5A9908,0,,,,
2021,offspring,179,x02017921,f,B4P8569,B5A9908,0,,,,
2021,offspring,179,x03017921,f,B4P8569,B5A9908,0,,,,
2021,offspring,179,x04017921,m,B4P8569,B5A9908,0,,,,
2021,offspring,179,x05017921,f,B4P8569,B5A9908,0,,,,
2021,offspring,180,x01018021,f,,B5A9143,0,,,"The female indicated as B5A9528 is not the mother, and the male indicated as B5A9059 is not the father; mother unknown; father is male from box 157; extra-pair status uncertain",B4P8958
2021,offspring,182,b5g9198,m,B4X1355,B4X8890,0,,,,
2021,offspring,182,b5g9199,m,B4X1355,B4X8890,0,,,,
2021,offspring,182,x01018221,f,B4X1355,B4X1443,1,,,Extra-pair father is male box 183,
2021,offspring,182,x02018221,f,B4X1355,B4X8890,0,,,,
2021,offspring,182,x03018221,m,B4X1355,B4X8890,0,,,,
2021,offspring,182,x04018221,f,B4X1355,B4X8890,0,,,,
2021,offspring,182,x05018221,m,B4X1355,B4X1443,1,,,Extra-pair father is male box 183,
2021,offspring,183,x01018321,m,B4P8246,B4X1443,0,,,,
2021,offspring,183,x02018321,m,B4P8246,B4X1443,0,,,,
2021,offspring,183,x03018321,m,B4P8246,B4X1443,0,,,,
2021,offspring,183,x04018321,f,B4P8246,B4X1443,0,,,,
2021,offspring,183,x05018321,f,B4P8246,B4X1443,0,,,,
2021,offspring,183,x06018321,m,B4P8246,B4X1443,0,,,,
2021,offspring,183,x07018321,f,B4P8246,B4X1443,0,,,,
2021,offspring,183,x08018321,m,B4P8246,B4X1443,0,,,,
2021,offspring,184,b5g9377,m,B4X8603,B5A9536,0,,,,
2021,offspring,184,b5g9378,m,B4X8603,B5A9536,0,,,,
2021,offspring,184,b5g9379,m,B4X8603,B5A9536,0,,,,
2021,offspring,184,b5g9380,f,B4X8603,B5A9536,0,,,,
2021,offspring,184,b5g9381,m,B4X8603,B5A9536,0,,,,
2021,offspring,184,x01018421,f,B4X8603,B5A9536,0,,,,
2021,offspring,184,x02018421,f,B4X8603,B5A9536,0,,,,
2021,offspring,187,b5g9382,m,B5A9537,B5A9946,0,,,,
2021,offspring,187,b5g9383,f,B5A9537,B5A9946,0,,,,
2021,offspring,187,b5g9384,m,B5A9537,B5A9946,0,,,,
2021,offspring,187,b5g9385,m,B5A9537,B5A9946,0,,,,
2021,offspring,187,b5g9386,m,B5A9537,B5A9946,0,,,,
2021,offspring,187,b5g9387,f,B5A9537,B5A9946,0,,,,
2021,offspring,187,x01018721,m,B5A9537,B5A9946,0,,,,
2021,offspring,187,x02018721,m,B5A9537,B5A9946,0,,,,
2021,offspring,189,x01018921,f,B4X8903,B4P9643,0,,,,
2021,offspring,189,x02018921,m,B4X8903,B4P9643,0,,,,
2021,offspring,189,x03018921,f,B4X8903,B4P9643,0,,,,
2021,offspring,189,x04018921,m,B4X8903,B4P9643,0,,,,
2021,offspring,189,x05018921,f,B4X8903,B4P9643,0,,,,
2021,offspring,189,x06018921,f,B4X8903,B4P9643,0,,,,
2021,offspring,189,x07018921,m,B4X8903,B4P9643,0,,,,
2021,offspring,189,x08018921,f,B4X8903,B4P9643,0,,,,
2021,offspring,189,x09018921,f,B4X8903,B4X1358,1,,,Extra-pair father is male box 216,
2021,offspring,192,x01019221,m,B5A9525,B5A9946,0,,,,
2021,offspring,192,x02019221,m,B5A9525,B5A9946,0,,,,
2021,offspring,195,b5g9244,f,B5A9140,B5A9809,0,,,,
2021,offspring,195,x01019521,m,B5A9140,B5A9809,0,,,,
2021,offspring,195,x02019521,m,B5A9140,B5A9809,0,,,,
2021,offspring,195,x03019521,f,B5A9140,B5A9809,0,,,,
2021,offspring,195,x04019521,f,B5A9140,B5A9809,0,,,,
2021,offspring,197,b5g9148,m,B5A9538,B4P8420,0,,,,
2021,offspring,197,b5g9149,f,B5A9538,B4P8420,0,,,,
2021,offspring,197,b5g9150,m,B5A9538,B4P8420,0,,,,
2021,offspring,197,b5g9151,f,B5A9538,B4P8420,0,,,,
2021,offspring,197,b5g9152,m,B5A9538,,1,,,Extra-pair father unknown,
2021,offspring,197,b5g9153,f,B5A9538,B4P8420,0,,,,
2021,offspring,197,x01019721,f,B5A9538,B4P8420,0,,,,
2021,offspring,197,x02019721,f,B5A9538,,1,,,Extra-pair father unknown,
2021,offspring,199,b5g9546,f,B4X8028,B4X1608,1,,,Extra-pair father is male from 2020 box 180,
2021,offspring,199,b5g9547,m,B4X8028,B5A9167,0,,,,
2021,offspring,199,b5g9548,m,B4X8028,B5A9167,0,,,,
2021,offspring,199,b5g9549,f,B4X8028,B5A9167,0,,,,
2021,offspring,199,b5g9550,f,B4X8028,B5A9167,0,,1,,
2021,offspring,199,x01019921,f,B4X8028,B5A9167,0,,,,
2021,offspring,200,b5g9127,f,B4X8980,B5A9985,0,,,,
2021,offspring,200,b5g9128,f,B4X8980,B5A9985,0,,,,
2021,offspring,200,b5g9129,m,B4X8980,B5A9985,0,,,,
2021,offspring,200,b5g9130,f,B4X8980,B5A9985,0,,,,
2021,offspring,200,x01020021,f,B4X8980,B5A9985,0,,,,
2021,offspring,200,x02020021,m,B4X8980,B5A9985,0,,,,
2021,offspring,200,x03020021,m,B4X8980,B5A9985,0,,,,
2021,offspring,202,b5g9176,m,B5A9522,B5A9915,0,,,,
2021,offspring,202,b5g9177,f,B5A9522,B5A9915,0,,,,
2021,offspring,202,b5g9178,m,B5A9522,B5A9915,0,,,,
2021,offspring,202,x01020221,f,B5A9522,B5A9915,0,1,,,
2021,offspring,202,x02020221,f,B5A9522,B5A9915,0,,,,
2021,offspring,202,x03020221,,B5A9522,B5A9915,0,,,,
2021,offspring,202,x04020221,f,B5A9522,B5A9915,0,,,,
2021,offspring,202,x05020221,f,B5A9522,B5A9915,0,,,,
2021,offspring,203,b5g9054,m,B4P9464,B5A9786,1,,,Extra-pair father is male box 207,
2021,offspring,203,b5g9055,f,B4P9464,B4H0518,0,,,,
2021,offspring,203,b5g9056,m,B4P9464,B4H0518,0,,,,
2021,offspring,203,b5g9057,m,B4P9464,B4H0518,0,,,,
2021,offspring,203,b5g9058,m,B4P9464,B4H0518,0,,,,
2021,offspring,203,b5g9059,f,B4P9464,B4H0518,0,,,,
2021,offspring,203,b5g9060,f,B4P9464,B4H0518,0,,,,
2021,offspring,205,x01020521,m,B4H1736,,0,,,Male indicated as B4H0518 is not the father; take-over polygyny with unknown first social male?,
2021,offspring,205,x02020521,f,B4H1736,,0,,,Male indicated as B4H0518 is not the father; take-over polygyny with unknown first social male?,
2021,offspring,207,x01020721,m,B4P8425,B5A9786,0,,,,
2021,offspring,207,x02020721,f,B4P8425,B5A9786,0,,,,
2021,offspring,207,x03020721,m,B4P8425,B5A9404,1,,,Extra-pair father is male box 173,
2021,offspring,207,x04020721,f,B4P8425,B5A9786,0,,1,,
2021,offspring,207,x05020721,m,B4P8425,B5A9404,1,,,Extra-pair father is male box 173,
2021,offspring,207,x06020721,f,B4P8425,B5A9786,0,,,,
2021,offspring,207,x07020721,m,B4P8425,B5A9404,1,,,Extra-pair father is male box 173,
2021,offspring,207,x08020721,f,B4P8425,B5A9786,0,,,,
2021,offspring,207,x09020721,f,B4P8425,B5A9786,0,,,,
2021,offspring,208,b5g9554,m,B4X1893,B5A9887,0,,,,
2021,offspring,208,b5g9555,m,B4X1893,B5A9887,0,1,,,
2021,offspring,208,b5g9556,f,B4X1893,B5A9887,0,,,,
2021,offspring,208,b5g9557,m,B4X1893,B5A9887,0,,,,
2021,offspring,208,b5g9558,f,B4X1893,B5A9887,0,,,,
2021,offspring,208,b5g9559,f,B4X1893,B5A9887,0,,,,
2021,offspring,208,x01020821,m,B4X1893,B5A9887,0,,1,,
2021,offspring,209,b5g9440,m,B4P9712,B4X1463,0,,,,
2021,offspring,209,b5g9441,f,B4P9712,B4X1463,0,,,,
2021,offspring,209,b5g9442,f,B4P9712,B4X1463,0,,,,
2021,offspring,209,b5g9443,f,B4P9712,B4X1463,0,,,,
2021,offspring,209,b5g9444,m,B4P9712,B4X1463,0,,,,
2021,offspring,209,b5g9445,m,B4P9712,B4X1463,0,,,,
2021,offspring,209,b5g9446,m,B4P9712,B4X1463,0,,,,
2021,offspring,209,b5g9447,f,B4P9712,B4X1463,0,,,,
2021,offspring,209,b5g9448,m,B4P9712,B4X1463,0,,,,
2021,offspring,209,b5g9449,m,B4P9712,B4X1463,0,,,,
2021,offspring,211,b5g9450,f,B4X1073,B4P9926,0,,,,
2021,offspring,211,b5g9451,f,B4X1073,B4P9926,0,,,,
2021,offspring,211,b5g9452,f,B4X1073,B4P9926,0,,,,
2021,offspring,211,b5g9453,f,B4X1073,B4P9926,0,,,,
2021,offspring,211,b5g9454,m,B4X1073,B4P9926,0,,,,
2021,offspring,211,b5g9455,f,B4X1073,B4P9926,0,,,,
2021,offspring,211,b5g9456,m,B4X1073,B4P9926,0,,,,
2021,offspring,211,b5g9457,m,B4X1073,B4P9926,0,,,,
2021,offspring,211,b5g9458,m,B4X1073,B4P9926,0,,,,
2021,offspring,212,b5g9207,f,B5A9250,B5A9206,0,,,,
2021,offspring,212,b5g9208,f,B5A9250,B5A9206,0,,,,
2021,offspring,212,b5g9209,m,B5A9250,B5A9206,0,,,,
2021,offspring,212,b5g9210,m,B5A9250,B5A9206,0,,,,
2021,offspring,212,b5g9211,f,B5A9250,B5A9206,0,,,,
2021,offspring,212,x01021221,f,B5A9250,B5A9206,0,,,,
2021,offspring,214,x01021421,f,,B4H1001,,1,,Female indicated as B4P9191 is not the mother; mother unknown,
2021,offspring,215,b5g9329,f,B4P9191,B4P9926,1,,,Extra-pair father is male box 211,
2021,offspring,215,b5g9330,m,B4P9191,B4H1001,0,,,,
2021,offspring,215,b5g9331,f,B4P9191,B4H1001,0,,,,
2021,offspring,215,b5g9332,m,B4P9191,B4H1001,0,,,,
2021,offspring,215,b5g9333,m,B4P9191,B4H1001,0,,,,
2021,offspring,215,x01021521,m,B4P9191,B4H1001,0,,,,
2021,offspring,215,x02021521,f,B4P9191,B4H1001,0,1,,,
2021,offspring,216,b5g9238,m,B4X8902,B4X1358,0,,,,
2021,offspring,216,b5g9239,m,B4X8902,B4X1358,0,,,,
2021,offspring,216,b5g9240,m,B4X8902,B4X1358,0,,,,
2021,offspring,216,b5g9241,f,B4X8902,B4X1358,0,,,,
2021,offspring,216,b5g9242,m,B4X8902,B4P9926,1,,,Extra-pair father is male box 211,
2021,offspring,216,b5g9243,f,B4X8902,B4X1358,0,,,,
2021,offspring,216,x01021621,m,B4X8902,B4P9926,1,,,Extra-pair father is male box 211,
2021,offspring,216,x02021621,f,B4X8902,B4X1358,0,,,,
2021,offspring,220,b5g9192,f,B5A9530,B4X1463,1,,,Extra-pair father is male box 209,
2021,offspring,220,b5g9193,f,B5A9530,B5A9503,0,,,,
2021,offspring,220,b5g9194,m,B5A9530,B5A9503,0,,,,
2021,offspring,220,b5g9195,m,B5A9530,B4X1463,1,,,Extra-pair father is male box 209,
2021,offspring,220,b5g9196,f,B5A9530,B5A9503,0,,,,
2021,offspring,220,b5g9197,f,B5A9530,B5A9503,0,,,,
2021,offspring,220,x01022021,m,B5A9530,B5A9503,0,,,,
2021,offspring,220,x02022021,f,B5A9530,B5A9503,0,,,,
2021,offspring,220,x03022021,f,B5A9530,B5A9503,0,,,,
2021,offspring,222,b5g9061,f,B5A9075,B5A9289,0,,,,
2021,offspring,222,b5g9062,m,B5A9075,B5A9289,0,,,,
2021,offspring,222,b5g9063,f,B5A9075,B5A9289,0,,,,
2021,offspring,222,b5g9064,m,B5A9075,B5A9289,0,,,,
2021,offspring,222,x01022221,m,B5A9075,B5A9289,0,,,,
2021,offspring,222,x02022221,f,B5A9075,B5A9289,0,,,,
2021,offspring,227,b5g9338,m,B4X1879,B4X1708,0,,,,
2021,offspring,227,b5g9339,f,B4X1879,,1,,,Extra-pair father unknown,
2021,offspring,227,b5g9340,f,B4X1879,B4X1708,0,,,,
2021,offspring,227,b5g9341,m,B4X1879,,1,,,Extra-pair father unknown,
2021,offspring,227,b5g9342,m,B4X1879,B4X1708,0,,,,
2021,offspring,227,x01022721,f,B4X1879,B4X1708,0,,,,
2021,offspring,227,x02022721,,B4X1879,B4X1708,0,1,,,
2021,offspring,227,x05022721,m,B4X1879,B4X1708,0,,,,
2021,offspring,231,b5g9334,m,B4H1799,B4P9104,0,,,,
2021,offspring,231,b5g9335,f,B4H1799,B4P9104,0,,1,,
2021,offspring,231,b5g9336,f,B4H1799,B4P9104,0,,,,
2021,offspring,231,x01023121,f,B4H1799,B4P9104,0,,1,,
2021,offspring,231,x02023121,,B4H1799,B4P9104,0,,1,,
2021,offspring,231,x03023121,m,B4H1799,B4P9104,0,,,,
2021,offspring,231,x04023121,,B4H1799,B4P9104,0,,1,,
2021,offspring,233,b5g9318,m,B5A9476,B4X1892,1,,,Extra-pair father is male box 241,
2021,offspring,233,b5g9319,m,B5A9476,B4X8524,0,,,,
2021,offspring,233,b5g9320,m,B5A9476,B4X1358,1,,,Extra-pair father is male box 216,
2021,offspring,233,b5g9321,f,B5A9476,B4X8524,0,,,,
2021,offspring,233,b5g9322,m,B5A9476,B4X8524,0,,,,
2021,offspring,233,x01023321,m,B5A9476,B4X8524,0,,,,
2021,offspring,233,x02023321,f,B5A9476,B4X1892,1,,,Extra-pair father is male box 241,
2021,offspring,233,x03023321,m,B5A9476,B4X8524,0,,,,
2021,offspring,235,x02023521,f,B5A9535,B5A9294,0,,,,
2021,offspring,235,x03023521,f,B5A9535,B5A9294,0,,,,
2021,offspring,235,x04023521,f,B5A9535,B5A9294,0,,,,
2021,offspring,236,b5g9323,f,B5A9951,b5a9012,0,,,Male indicated as B5A9294 is not the father,
2021,offspring,236,b5g9324,m,B5A9951,b5a9012,0,,,Male indicated as B5A9294 is not the father,
2021,offspring,236,b5g9325,m,B5A9951,b5a9012,0,,,Male indicated as B5A9294 is not the father,
2021,offspring,236,b5g9326,f,B5A9951,b5a9012,0,,,Male indicated as B5A9294 is not the father,
2021,offspring,236,b5g9327,f,B5A9951,b5a9012,0,,,Male indicated as B5A9294 is not the father,
2021,offspring,236,b5g9328,f,B5A9951,b5a9012,0,,,Male indicated as B5A9294 is not the father,
2021,offspring,236,x01023621,f,B5A9951,b5a9012,0,,,Male indicated as B5A9294 is not the father,
2021,offspring,240,b5g9359,m,B4X1818,B4P9342,0,,,,
2021,offspring,240,b5g9360,m,B4X1818,B4P9342,0,,,,
2021,offspring,240,b5g9361,f,B4X1818,B4P9342,0,,,,
2021,offspring,240,b5g9362,m,B4X1818,B4P9342,0,,,,
2021,offspring,240,b5g9363,f,B4X1818,B4P9342,0,,,,
2021,offspring,240,b5g9364,f,B4X1818,B4P9342,0,1,,,
2021,offspring,240,b5g9365,m,B4X1818,B4P9342,0,,,,
2021,offspring,241,x01024121,m,B5A9531,B4X1892,0,1,,,
2021,offspring,241,x02024121,f,B5A9531,B4X1892,0,,,,
2021,offspring,241,x03024121,m,B5A9531,B4X1892,0,,,,
2021,offspring,241,x04024121,f,B5A9531,B4X1892,0,,,,
2021,offspring,241,x05024121,m,B5A9531,B4X1892,0,,,,
2021,offspring,241,x06024121,m,B5A9531,B4X1892,0,,,,
2021,offspring,241,x07024121,m,B5A9531,B4X1892,0,,,,
2021,offspring,241,x08024121,m,B5A9531,B4X1892,0,,,,
2021,offspring,241,x09024121,m,B5A9531,B4X1892,0,,,,
2021,offspring,242,x01024221,m,B4X1460,B4X8868,0,,,,
2021,offspring,242,x02024221,f,B4X1460,B4X1151,1,,,Extra-pair father is male box 249,
2021,offspring,242,x03024221,m,B4X1460,B4X8868,0,,,,
2021,offspring,242,x04024221,m,B4X1460,B4X8868,0,,,,
2021,offspring,242,x05024221,m,B4X1460,B4X8868,0,,,,
2021,offspring,242,x06024221,f,B4X1460,B4X8868,0,,,,
2021,offspring,242,x07024221,m,B4X1460,B4X1151,1,,,Extra-pair father is male box 249,
2021,offspring,246,b5g9426,m,B4X8989,b5a9146,1,,,Extra-pair father is male from winter catch (feeder 11),
2021,offspring,246,b5g9427,f,B4X8989,B4X1854,0,,,,
2021,offspring,246,b5g9428,m,B4X8989,B4X1854,0,,,,
2021,offspring,246,b5g9429,f,B4X8989,B4X1854,0,,,,
2021,offspring,246,b5g9430,f,B4X8989,B4X1854,0,,,,
2021,offspring,246,b5g9431,m,B4X8989,B4X1854,0,,,,
2021,offspring,246,b5g9432,f,B4X8989,b4x8946,1,,1,Extra-pair father is male from winter catch (feeder 11),
2021,offspring,246,b5g9433,m,B4X8989,B4X1854,0,,,,
2021,offspring,246,b5g9434,f,B4X8989,b5a9146,1,,,Extra-pair father is male from winter catch (feeder 11),
2021,offspring,248,b5g9420,m,B4X1093,B5A9413,0,,,,
2021,offspring,248,b5g9421,m,B4X1093,B5A9413,0,,,,
2021,offspring,248,b5g9422,m,B4X1093,B5A9413,0,,,,
2021,offspring,248,b5g9423,m,B4X1093,B4X8586,1,,1,Extra-pair father is male box 175,
2021,offspring,248,b5g9424,f,B4X1093,B5A9413,0,,,,
2021,offspring,248,b5g9425,m,B4X1093,B5A9413,0,,,,
2021,offspring,249,b5g9523,f,B4H0380,B4X1340,1,,,Extra-pair father is male box 263,
2021,offspring,249,b5g9524,m,B4H0380,B4X1340,1,,,Extra-pair father is male box 263,
2021,offspring,249,b5g9525,m,B4H0380,B4X1340,1,,,Extra-pair father is male box 263,
2021,offspring,249,b5g9526,f,B4H0380,B4X1151,0,,,,
2021,offspring,249,x02024921,f,B4H0380,B4X1340,1,,,Extra-pair father is male box 263,
2021,offspring,250,b5g9085,m,B5A9510,B5A9471,0,,,,
2021,offspring,250,b5g9086,m,B5A9510,B5A9471,0,,,,
2021,offspring,250,b5g9087,f,B5A9510,B5A9471,0,,,,
2021,offspring,250,b5g9088,f,B5A9510,B4X1892,1,,,Extra-pair father is male box 241,
2021,offspring,250,b5g9089,f,B5A9510,B5A9471,0,,,,
2021,offspring,250,b5g9090,f,B5A9510,B4X1892,1,,,Extra-pair father is male box 241,
2021,offspring,250,b5g9091,m,B5A9510,B4X1892,1,,,Extra-pair father is male box 241,
2021,offspring,250,x01025021,f,B5A9510,B5A9471,0,,,,
2021,offspring,254,x01025421,f,B4X8839,B4X1892,1,,,Extra-pair father is male box 241,
2021,offspring,254,x02025421,m,B4X8839,B4X1181,0,,,,
2021,offspring,254,x03025421,f,B4X8839,B4X1181,0,,,,
2021,offspring,254,x04025421,m,B4X8839,B4X1181,0,,,,
2021,offspring,254,x05025421,m,B4X8839,B4X1181,0,,,,
2021,offspring,254,x06025421,m,B4X8839,B4X1181,0,,,,
2021,offspring,254,x07025421,m,B4X8839,B4X1181,0,,,,
2021,offspring,255,b5g9388,f,B4X1829,B4P9213,0,,,,
2021,offspring,255,b5g9389,m,B4X1829,B4P9213,0,,,,
2021,offspring,255,b5g9390,f,B4X1829,B4P9213,0,,,,
2021,offspring,255,b5g9391,m,B4X1829,B4P9213,0,,,,
2021,offspring,255,b5g9392,f,B4X1829,B4P9213,0,,,,
2021,offspring,255,b5g9393,m,B4X1829,B4P9213,0,,,,
2021,offspring,255,b5g9394,m,B4X1829,B4P9213,0,,,,
2021,offspring,255,x01025521,f,B4X1829,B4P9213,0,,,,
2021,offspring,256,x01025621,m,,B5A9524,0,,,Mother unknown,
2021,offspring,256,x02025621,f,,B5A9524,0,,1,Mother unknown,
2021,offspring,256,x03025621,f,,B5A9524,0,,,Mother unknown,
2021,offspring,256,x04025621,m,,B4P9239,1,,,Mother unknown; extra-pair father is male box 272,
2021,offspring,256,x05025621,f,,B5A9389,1,,,Mother unknown; extra-pair father is male box 271,
2021,offspring,256,x06025621,f,,B5A9524,0,,,Mother unknown,
2021,offspring,256,x07025621,f,,B5A9524,0,,,Mother unknown,
2021,offspring,256,x08025621,m,,B5A9524,0,,,Mother unknown,
2021,offspring,257,x01025721,f,B5A9470,b5a9100,1,,1,Extra-pair father is male from winter catch (feeder 11),
2021,offspring,257,x02025721,f,B5A9470,B5A9389,1,,,Extra-pair father is male box 271,
2021,offspring,257,x03025721,f,B5A9470,B5A9524,0,,,,
2021,offspring,257,x04025721,m,,B5A9524,0,,,Mother unknown,
2021,offspring,257,x05025721,m,B5A9470,B5A9389,1,,,Extra-pair father is male box 271,
2021,offspring,257,x06025721,m,B5A9470,b5a9100,1,,,Extra-pair father is male from winter catch (feeder 11),
2021,offspring,259,b5g9589,f,B4X8931,B4X9000,0,,,,
2021,offspring,259,b5g9590,m,B4X8931,B4X9000,0,,,,
2021,offspring,259,b5g9591,f,B4X8931,B5A9389,1,,,Extra-pair father is male box 271,
2021,offspring,259,b5g9592,m,B4X8931,B4X9000,0,,,,
2021,offspring,259,b5g9593,f,B4X8931,B4X9000,0,,,,
2021,offspring,259,b5g9594,f,B4X8931,B4X9000,0,,,,
2021,offspring,259,b5g9595,m,B4X8931,B4X9000,0,,,,
2021,offspring,261,b5g9185,m,B4P9323,b5a9100,1,,,Extra-pair father is male from winter catch (feeder 11),
2021,offspring,261,b5g9186,f,B4P9323,B4X1408,0,,,,
2021,offspring,261,b5g9187,m,B4P9323,b5a9100,1,,,Extra-pair father is male from winter catch (feeder 11),
2021,offspring,261,b5g9188,m,B4P9323,B4X1408,0,,,,
2021,offspring,261,b5g9189,m,B4P9323,B4X1408,0,,,,
2021,offspring,261,b5g9190,f,B4P9323,B4X1408,0,,,,
2021,offspring,261,b5g9191,f,B4P9323,B4X1408,0,,,,
2021,offspring,261,x01026121,f,B4P9323,B4X1408,0,,,,
2021,offspring,263,x01026321,f,B5A9282,B4X1340,0,,,,
2021,offspring,263,x02026321,m,B5A9282,B4X1340,0,,,,
2021,offspring,263,x03026321,f,B5A9282,B4X1340,0,,,,
2021,offspring,263,x04026321,m,B5A9282,B4X1340,0,,,,
2021,offspring,263,x05026321,m,B5A9282,B4X1340,0,,,,
2021,offspring,263,x06026321,m,B5A9282,B4X1340,0,,,,
2021,offspring,263,x07026321,f,B5A9282,B4X1340,0,,,,
2021,offspring,263,x08026321,f,B5A9282,B4X1340,0,,,,
2021,offspring,263,x09026321,f,B5A9282,B4X1340,0,,,,
2021,offspring,267,b5g9412,f,B5A9899,B4X8969,0,1,,,
2021,offspring,267,b5g9413,f,B5A9899,B4X1408,1,,,Extra-pair father is male box 261,
2021,offspring,267,b5g9414,f,B5A9899,B4X8969,0,,,,
2021,offspring,267,b5g9415,m,B5A9899,B4X1408,1,,,Extra-pair father is male box 261,
2021,offspring,267,b5g9416,m,B5A9899,B4X8969,0,,,,
2021,offspring,267,b5g9417,m,B5A9899,B4X8969,0,,,,
2021,offspring,267,b5g9418,f,B5A9899,B4X8969,0,,,,
2021,offspring,267,b5g9419,f,B5A9899,B4X8969,0,,,,
2021,offspring,269,x01026921,f,B5A9532,B5A9471,1,1,,Extra-pair father is male box 250,
2021,offspring,269,x02026921,m,B5A9532,,0,,,Father unknown,
2021,offspring,269,x03026921,f,B5A9532,,0,,,Father unknown,
2021,offspring,269,x04026921,f,B5A9532,,0,1,,Father unknown,
2021,offspring,269,x05026921,m,B5A9532,B5A9471,1,1,,Extra-pair father is male box 250,
2021,offspring,269,x06026921,f,B5A9532,,0,1,,Father unknown,
2021,offspring,269,x07026921,m,B5A9532,B5A9471,1,,,Extra-pair father is male box 250,
2021,offspring,269,x08026921,f,B5A9532,,0,,,Father unknown,
2021,offspring,269,x09026921,f,B5A9532,B4X1151,1,,,Extra-pair father is male box 249,
2021,offspring,271,b5g9494,f,B5A9470,B5A9389,0,,,,
2021,offspring,271,b5g9495,m,B5A9470,B5A9389,0,,,,
2021,offspring,271,b5g9496,f,B5A9470,B4X9000,1,,,Extra-pair father is male box 259,
2021,offspring,271,b5g9497,m,B5A9470,B5A9389,0,,,,
2021,offspring,271,b5g9498,f,B5A9470,B5A9389,0,,,,
2021,offspring,271,b5g9499,f,B5A9470,B5A9389,0,,,,
2021,offspring,271,b5g9500,f,B5A9470,B5A9389,0,,,,
2021,offspring,271,x01027121,m,B5A9470,B5A9389,0,,,,
2021,offspring,272,b5g9311,m,B4X8239,B4P9239,0,,,,
2021,offspring,272,b5g9312,m,B4X8239,B4P9239,0,,,,
2021,offspring,272,b5g9313,f,B4X8239,B4P9239,0,,,,
2021,offspring,272,b5g9314,f,B4X8239,B4P9239,0,,,,
2021,offspring,272,b5g9315,m,B4X8239,B4P9239,0,,,,
2021,offspring,272,b5g9316,m,B4X8239,B4P9239,0,,,,
2021,offspring,272,b5g9317,m,B4X8239,B4P9239,0,,,,
2021,offspring,275,b5g9179,f,B4P9563,B5G9337,0,,,,
2021,offspring,275,b5g9180,f,B4P9563,B5G9337,0,,,,
2021,offspring,275,b5g9181,f,B4P9563,B5G9337,0,,,,
2021,offspring,275,b5g9182,f,B4P9563,B5G9337,0,,,,
2021,offspring,275,b5g9183,f,B4P9563,B5G9337,0,,,,
2021,offspring,275,b5g9184,m,B4P9563,B5G9337,0,,,,
2021,offspring,275,x01027521,m,B4P9563,B5G9337,0,,,,
2021,offspring,275,x02027521,f,B4P9563,B5G9337,0,,,,
2021,offspring,275,x03027521,m,B4P9563,B5G9337,0,,,,
